{
    "LSTM": {
        "0-25": 32.00201988220215,
        "0-50": 57.66599774360657,
        "0-75": 92.87199974060059,
        "0-100": 99.72800016403198
    },
    "CNNMultimaps": {
        "0-25": 22.426846623420715,
        "0-50": 23.134233057498932,
        "0-75": 27.193182706832886,
        "0-100": 73.43537211418152
    },
    "CNN": {
        "0-25": 69.9999988079071,
        "0-50": 100.0,
        "0-75": 100.0,
        "0-100": 100.0
    },
    "FC": {
        "0-25": 40.00202119350433,
        "0-50": 91.01200103759766,
        "0-75": 99.70200061798096,
        "0-100": 99.98999834060669
    },
    "MS": {
        "0-25": 68.8,
        "0-50": 96.39999999999999,
        "0-75": 100.0,
        "0-100": 100.0
    }
}